index,0,1,2,3,4,5,6,7,8,9,10,11,12,13,14,15,16,17,18,19,20,21,22,23,24,25,26,27,28,29,30,31,32,33,34,35,36,37,38,39,40,41,42,43,44,45,46,47,48,49,50,51,52,53,54,55,56,57,58,59,60,61,62,63,64,65,66,67,68,69,70,71,72,73,74,75,76,77,78,79,80,81,82,83,84,85,86,87,88,89,90,91,92,93,94,95,96,97,98,99,100,101,102,103,104,105,106,107,108,109,110,111,112,113,114,115,116,117,118,119,120,121,122,123,124,125,126,127,128,129,130,131
Класс ЕО,Самосвалы карьерные,Самосвалы карьерные,Самосвалы карьерные,Самосвалы карьерные,Самосвалы карьерные,Самосвалы карьерные,Самосвалы карьерные,Самосвалы карьерные,Самосвалы карьерные,Самосвалы карьерные,Самосвалы карьерные,Самосвалы карьерные,Самосвалы карьерные,Самосвалы карьерные,Самосвалы карьерные,Самосвалы карьерные,Самосвалы карьерные,Самосвалы карьерные,Самосвалы карьерные,Самосвалы карьерные,Самосвалы карьерные,Самосвалы карьерные,Самосвалы карьерные,Самосвалы карьерные,Самосвалы карьерные,Самосвалы карьерные,Самосвалы карьерные,Самосвалы карьерные,Самосвалы карьерные,Самосвалы карьерные,Самосвалы карьерные,Самосвалы карьерные,Самосвалы карьерные,Самосвалы карьерные,Самосвалы карьерные,Самосвалы карьерные,Самосвалы карьерные,Самосвалы карьерные,Самосвалы карьерные,Самосвалы карьерные,Самосвалы карьерные,Самосвалы карьерные,Самосвалы карьерные,Самосвалы карьерные,Самосвалы карьерные,Самосвалы карьерные,Самосвалы карьерные,Самосвалы карьерные,Самосвалы карьерные,Самосвалы карьерные,Самосвалы карьерные,Самосвалы карьерные,Самосвалы карьерные,Самосвалы карьерные,Самосвалы карьерные,Самосвалы карьерные,Самосвалы карьерные,Самосвалы карьерные,Самосвалы карьерные,Самосвалы карьерные,Самосвалы карьерные,Самосвалы карьерные,Самосвалы карьерные,Самосвалы карьерные,Самосвалы карьерные,Самосвалы карьерные,Самосвалы карьерные,Самосвалы карьерные,Самосвалы карьерные,Самосвалы карьерные,Самосвалы карьерные,Самосвалы карьерные,Самосвалы карьерные,Самосвалы карьерные,Самосвалы карьерные,Самосвалы карьерные,Самосвалы карьерные,Самосвалы карьерные,Самосвалы карьерные,Самосвалы карьерные,Самосвалы карьерные,Самосвалы карьерные,Самосвалы карьерные,Самосвалы карьерные,Самосвалы карьерные,Самосвалы карьерные,Самосвалы карьерные,Самосвалы карьерные,Самосвалы карьерные,Самосвалы карьерные,Самосвалы карьерные,Самосвалы карьерные,Самосвалы карьерные,Самосвалы карьерные,Самосвалы карьерные,Самосвалы карьерные,Самосвалы карьерные,Самосвалы карьерные,Самосвалы карьерные,Самосвалы карьерные,Самосвалы карьерные,Самосвалы карьерные,Самосвалы карьерные,Самосвалы карьерные,Самосвалы карьерные,Самосвалы карьерные,Самосвалы карьерные,Самосвалы карьерные,Самосвалы карьерные,Самосвалы карьерные,Самосвалы карьерные,Самосвалы карьерные,Самосвалы карьерные,Самосвалы карьерные,Самосвалы карьерные,Самосвалы карьерные,Самосвалы карьерные,Самосвалы карьерные,Самосвалы карьерные,Самосвалы карьерные,Самосвалы карьерные,Самосвалы карьерные,Самосвалы карьерные,Самосвалы карьерные,Самосвалы карьерные,Самосвалы карьерные,Самосвалы карьерные,Самосвалы карьерные,Самосвалы карьерные,Самосвалы карьерные,Самосвалы карьерные,Самосвалы карьерные
Модель ЕО,Самосвалы Komatsu 730E-8,Самосвалы Komatsu 730E-8,Самосвалы Komatsu 730E-8,Самосвалы Komatsu 730E-8,Самосвалы Komatsu 730E-8,Самосвалы Komatsu 730E-8,Самосвалы Komatsu 730E-8,Самосвалы Komatsu 730E-8,Самосвалы Komatsu 730E-8,Самосвалы Komatsu 730E-8,Самосвалы Komatsu 730E-8,Самосвалы Komatsu 730E-8,Самосвалы Komatsu 730E-8,Самосвалы Komatsu 730E-8,Самосвалы Komatsu 730E-8,Самосвалы Komatsu 730E-8,Самосвалы Komatsu 730E-8,Самосвалы Komatsu 730E-8,Самосвалы Komatsu 730E-8,Самосвалы Komatsu 730E-8,Самосвалы Komatsu 730E-8,Самосвалы Komatsu 730E-8,Самосвалы Komatsu 730E-8,Самосвалы Komatsu 730E-8,Самосвалы Komatsu 730E-8,Самосвалы Komatsu 730E-8,Самосвалы Komatsu 730E-8,Самосвалы Komatsu 730E-8,Самосвалы Komatsu 730E-8,Самосвалы Komatsu 730E-8,Самосвалы Komatsu 730E-8,Самосвалы Komatsu 730E-8,Самосвалы Komatsu 730E-8,Самосвалы Komatsu 730E-8,Самосвалы Komatsu 730E-8,Самосвалы Komatsu 730E-8,Самосвалы Komatsu 730E-8,Самосвалы Komatsu 730E-8,Самосвалы Komatsu 730E-8,Самосвалы Komatsu 730E-8,Самосвалы Komatsu 730E-8,Самосвалы Komatsu 730E-8,Самосвалы Komatsu 730E-8,Самосвалы Komatsu 730E-8,Самосвалы Komatsu 730E-8,Самосвалы Komatsu 730E-8,Самосвалы Komatsu 730E-8,Самосвалы Komatsu 730E-8,Самосвалы Komatsu 730E-8,Самосвалы Komatsu 730E-8,Самосвалы Komatsu 730E-8,Самосвалы Komatsu 730E-8,Самосвалы Komatsu 730E-8,Самосвалы Komatsu 730E-8,Самосвалы Komatsu 730E-8,Самосвалы Komatsu 730E-8,Самосвалы Komatsu 730E-8,Самосвалы Komatsu 730E-8,Самосвалы Komatsu 730E-8,Самосвалы Komatsu 730E-8,Самосвалы Komatsu 730E-8,Самосвалы Komatsu 730E-8,Самосвалы Komatsu 730E-8,Самосвалы Komatsu 730E-8,Самосвалы Komatsu 730E-8,Самосвалы Komatsu 730E-8,Самосвалы Komatsu 730E-8,Самосвалы Komatsu 730E-8,Самосвалы Komatsu 730E-8,Самосвалы Komatsu 730E-8,Самосвалы Komatsu 730E-8,Самосвалы Komatsu 730E-8,Самосвалы Komatsu 730E-8,Самосвалы Komatsu 730E-8,Самосвалы Komatsu 730E-8,Самосвалы Komatsu 730E-8,Самосвалы Komatsu 730E-8,Самосвалы Komatsu 730E-8,Самосвалы Komatsu 730E-8,Самосвалы Komatsu 730E-8,Самосвалы Komatsu 730E-8,Самосвалы Komatsu 730E-8,Самосвалы Komatsu 730E-8,Самосвалы Komatsu 730E-8,Самосвалы Komatsu 730E-8,Самосвалы Komatsu 730E-8,Самосвалы Komatsu 730E-8,Самосвалы Komatsu 730E-8,Самосвалы Komatsu 730E-8,Самосвалы Komatsu 730E-8,Самосвалы Komatsu 730E-8,Самосвалы Komatsu 730E-8,Самосвалы Komatsu 730E-8,Самосвалы Komatsu 730E-8,Самосвалы Komatsu 730E-8,Самосвалы Komatsu 730E-8,Самосвалы Komatsu 730E-8,Самосвалы Komatsu 730E-8,Самосвалы Komatsu 730E-8,Самосвалы Komatsu 730E-8,Самосвалы Komatsu 730E-8,Самосвалы Komatsu 730E-8,Самосвалы Komatsu 730E-8,Самосвалы Komatsu 730E-8,Самосвалы Komatsu 730E-8,Самосвалы Komatsu 730E-8,Самосвалы Komatsu 730E-8,Самосвалы Komatsu 730E-8,Самосвалы Komatsu 730E-8,Самосвалы Komatsu 730E-8,Самосвалы Komatsu 730E-8,Самосвалы Komatsu 730E-8,Самосвалы Komatsu 730E-8,Самосвалы Komatsu 730E-8,Самосвалы Komatsu 730E-8,Самосвалы Komatsu 730E-8,Самосвалы Komatsu 730E-8,Самосвалы Komatsu 730E-8,Самосвалы Komatsu 730E-8,Самосвалы Komatsu 730E-8,Самосвалы Komatsu 730E-8,Самосвалы Komatsu 730E-8,Самосвалы Komatsu 730E-8,Самосвалы Komatsu 730E-8,Самосвалы Komatsu 730E-8,Самосвалы Komatsu 730E-8,Самосвалы Komatsu 730E-8,Самосвалы Komatsu 730E-8,Самосвалы Komatsu 730E-8,Самосвалы Komatsu 730E-8,Самосвалы Komatsu 730E-8,Самосвалы Komatsu 730E-8
Год,2023,2023,2023,2023,2023,2023,2023,2023,2023,2023,2023,2023,2024,2024,2024,2024,2024,2024,2024,2024,2024,2024,2024,2024,2025,2025,2025,2025,2025,2025,2025,2025,2025,2025,2025,2025,2026,2026,2026,2026,2026,2026,2026,2026,2026,2026,2026,2026,2027,2027,2027,2027,2027,2027,2027,2027,2027,2027,2027,2027,2028,2028,2028,2028,2028,2028,2028,2028,2028,2028,2028,2028,2029,2029,2029,2029,2029,2029,2029,2029,2029,2029,2029,2029,2030,2030,2030,2030,2030,2030,2030,2030,2030,2030,2030,2030,2031,2031,2031,2031,2031,2031,2031,2031,2031,2031,2031,2031,2032,2032,2032,2032,2032,2032,2032,2032,2032,2032,2032,2032,2033,2033,2033,2033,2033,2033,2033,2033,2033,2033,2033,2033
Месяц,1,2,3,4,5,6,7,8,9,10,11,12,1,2,3,4,5,6,7,8,9,10,11,12,1,2,3,4,5,6,7,8,9,10,11,12,1,2,3,4,5,6,7,8,9,10,11,12,1,2,3,4,5,6,7,8,9,10,11,12,1,2,3,4,5,6,7,8,9,10,11,12,1,2,3,4,5,6,7,8,9,10,11,12,1,2,3,4,5,6,7,8,9,10,11,12,1,2,3,4,5,6,7,8,9,10,11,12,1,2,3,4,5,6,7,8,9,10,11,12,1,2,3,4,5,6,7,8,9,10,11,12
"Простой, час",0.0,0.0,0.0,0.0,0.0,0.0,0.0,0.0,0.0,0.0,0.0,0.0,0.0,0.0,0.0,0.0,0.0,0.0,0.0,0.0,197.6,107.1,81.1,202.6,83.7,70.5,246.3,74.1,91.1,229.7,73.7,71.4,256.0,95.4,73.1,163.5,130.8,84.8,215.3,104.8,80.4,227.6,98.1,72.4,210.6,123.8,96.8,148.9,143.5,108.2,176.2,180.6,163.2,72.1,209.9,321.7,101.5,245.6,92.8,95.1,202.9,75.1,105.8,217.3,78.4,102.8,211.9,73.7,156.2,168.5,71.8,120.1,245.3,84.2,84.4,202.6,107.8,72.1,190.9,141.5,93.8,234.3,195.0,84.4,138.5,163.3,67.7,78.8,260.0,72.1,84.7,435.6,87.1,85.1,240.0,73.7,79.7,217.0,94.8,73.1,224.6,88.1,84.1,232.9,84.1,85.8,213.6,115.8,86.4,130.9,166.9,101.8,217.9,200.6,97.1,83.1,226.3,145.2,73.1,176.5,117.8,71.5,216.6,106.8,117.1,223.3,157.5,270.3,213.3,93.4,95.8,226.6
ТО-4000,0.0,0.0,0.0,0.0,0.0,0.0,0.0,0.0,0.0,0.0,0.0,0.0,0.0,0.0,0.0,0.0,0.0,0.0,0.0,0.0,0.0,0.0,0.0,0.0,0.0,0.0,20.0,0.0,0.0,0.0,0.0,0.0,0.0,0.0,0.0,0.0,0.0,0.0,0.0,20.0,0.0,0.0,0.0,0.0,0.0,0.0,0.0,0.0,0.0,0.0,0.0,0.0,20.0,0.0,0.0,0.0,0.0,0.0,0.0,0.0,0.0,0.0,0.0,0.0,0.0,19.0,0.0,0.0,0.0,0.0,0.0,0.0,0.0,0.0,0.0,0.0,0.0,0.0,20.0,0.0,0.0,0.0,0.0,0.0,0.0,0.0,0.0,0.0,0.0,0.0,0.0,19.0,0.0,0.0,0.0,0.0,0.0,0.0,0.0,0.0,0.0,0.0,0.0,19.0,0.0,0.0,0.0,0.0,0.0,0.0,0.0,0.0,0.0,0.0,0.0,0.0,20.0,0.0,0.0,0.0,0.0,0.0,0.0,0.0,0.0,0.0,0.0,0.0,0.0,19.0,0.0,0.0
lining_full,0.0,0.0,0.0,0.0,0.0,0.0,0.0,0.0,0.0,0.0,0.0,0.0,0.0,0.0,0.0,0.0,0.0,0.0,0.0,0.0,37.0,0.0,0.0,0.0,0.0,0.0,0.0,0.0,0.0,0.0,0.0,0.0,0.0,0.0,0.0,0.0,36.0,0.0,0.0,0.0,0.0,0.0,0.0,0.0,0.0,0.0,0.0,0.0,0.0,0.0,0.0,0.0,36.0,0.0,0.0,0.0,0.0,0.0,0.0,0.0,0.0,0.0,0.0,0.0,0.0,0.0,0.0,0.0,36.0,0.0,0.0,0.0,0.0,0.0,0.0,0.0,0.0,0.0,0.0,0.0,0.0,0.0,0.0,0.0,36.0,0.0,0.0,0.0,0.0,0.0,0.0,0.0,0.0,0.0,0.0,0.0,0.0,0.0,0.0,0.0,36.0,0.0,0.0,0.0,0.0,0.0,0.0,0.0,0.0,0.0,0.0,0.0,0.0,0.0,0.0,0.0,0.0,36.0,0.0,0.0,0.0,0.0,0.0,0.0,0.0,0.0,0.0,0.0,0.0,0.0,0.0,0.0
to250,0.0,0.0,0.0,0.0,0.0,0.0,0.0,0.0,0.0,0.0,0.0,0.0,0.0,0.0,0.0,0.0,0.0,0.0,0.0,0.0,1.0,2.0,2.0,1.0,1.0,1.0,2.0,2.0,1.0,2.0,3.0,2.0,1.0,1.0,2.0,1.0,1.0,1.0,3.0,2.0,2.0,1.0,1.0,2.0,1.0,1.0,1.0,2.0,2.0,1.0,2.0,2.0,1.0,1.0,1.0,2.0,1.0,1.0,1.0,3.0,1.0,1.0,1.0,2.0,1.0,1.0,1.0,3.0,1.0,2.0,1.0,1.0,2.0,1.0,1.0,1.0,2.0,2.0,2.0,1.0,3.0,1.0,1.0,1.0,2.0,1.0,2.0,1.0,4.0,1.0,2.0,1.0,1.0,2.0,1.0,1.0,1.0,3.0,1.0,2.0,1.0,2.0,1.0,1.0,1.0,2.0,1.0,2.0,1.0,3.0,1.0,1.0,1.0,2.0,1.0,1.0,2.0,3.0,2.0,1.0,2.0,1.0,2.0,1.0,1.0,1.0,3.0,1.0,2.0,2.0,2.0,1.0
ТР,0.0,0.0,0.0,0.0,0.0,0.0,0.0,0.0,0.0,0.0,0.0,0.0,0.0,0.0,0.0,0.0,0.0,0.0,0.0,0.0,61.0,85.0,58.0,51.0,51.0,51.0,51.0,51.0,51.0,51.0,51.0,51.0,51.0,51.0,51.0,51.0,51.0,51.0,51.0,51.0,51.0,51.0,51.0,51.0,51.0,51.0,51.0,51.0,51.0,51.0,51.0,51.0,51.0,51.0,51.0,61.0,61.0,82.0,51.0,51.0,51.0,51.0,51.0,51.0,51.0,51.0,51.0,51.0,51.0,51.0,51.0,51.0,51.0,51.0,51.0,51.0,51.0,51.0,51.0,51.0,51.0,51.0,51.0,51.0,51.0,51.0,51.0,51.0,51.0,51.0,61.0,85.0,58.0,51.0,51.0,51.0,51.0,51.0,51.0,51.0,51.0,51.0,51.0,51.0,51.0,51.0,51.0,51.0,51.0,51.0,51.0,51.0,51.0,51.0,51.0,51.0,51.0,51.0,51.0,51.0,51.0,51.0,51.0,51.0,51.0,61.0,85.0,58.0,51.0,51.0,51.0,51.0
eng_repl,0.0,0.0,0.0,0.0,0.0,0.0,0.0,0.0,0.0,0.0,0.0,0.0,0.0,0.0,0.0,0.0,0.0,0.0,0.0,0.0,169.0,0.0,0.0,0.0,0.0,0.0,0.0,0.0,0.0,0.0,0.0,0.0,0.0,0.0,0.0,0.0,0.0,0.0,0.0,0.0,0.0,0.0,0.0,0.0,0.0,0.0,0.0,0.0,0.0,0.0,0.0,0.0,0.0,0.0,0.0,168.0,0.0,0.0,0.0,0.0,0.0,0.0,0.0,0.0,0.0,0.0,0.0,0.0,0.0,0.0,0.0,0.0,0.0,0.0,0.0,0.0,0.0,0.0,0.0,0.0,0.0,0.0,0.0,0.0,0.0,0.0,0.0,0.0,0.0,0.0,0.0,168.0,0.0,0.0,0.0,0.0,0.0,0.0,0.0,0.0,0.0,0.0,0.0,0.0,0.0,0.0,0.0,0.0,0.0,0.0,0.0,0.0,0.0,0.0,0.0,0.0,0.0,0.0,0.0,0.0,0.0,0.0,0.0,0.0,0.0,0.0,0.0,168.0,0.0,0.0,0.0,0.0
to10000,0.0,0.0,0.0,0.0,0.0,0.0,0.0,0.0,0.0,0.0,0.0,0.0,0.0,0.0,0.0,0.0,0.0,0.0,0.0,0.0,25.0,0.0,0.0,0.0,0.0,0.0,0.0,0.0,0.0,0.0,0.0,0.0,0.0,0.0,0.0,0.0,24.0,0.0,0.0,0.0,0.0,0.0,0.0,0.0,0.0,0.0,0.0,0.0,0.0,0.0,0.0,0.0,24.0,0.0,0.0,0.0,0.0,0.0,0.0,0.0,0.0,0.0,0.0,0.0,0.0,0.0,0.0,0.0,24.0,0.0,0.0,0.0,0.0,0.0,0.0,0.0,0.0,0.0,0.0,0.0,0.0,0.0,0.0,0.0,24.0,0.0,0.0,0.0,0.0,0.0,0.0,0.0,0.0,0.0,0.0,0.0,0.0,0.0,0.0,0.0,24.0,0.0,0.0,0.0,0.0,0.0,0.0,0.0,0.0,0.0,0.0,0.0,0.0,0.0,0.0,0.0,24.0,0.0,0.0,0.0,0.0,0.0,0.0,0.0,0.0,0.0,0.0,0.0,0.0,0.0,0.0,0.0
ТО-2000,0.0,0.0,0.0,0.0,0.0,0.0,0.0,0.0,0.0,0.0,0.0,0.0,0.0,0.0,0.0,0.0,0.0,0.0,0.0,0.0,0.0,0.0,0.0,14.0,0.0,0.0,0.0,0.0,0.0,14.0,0.0,0.0,0.0,0.0,0.0,0.0,0.0,0.0,0.0,0.0,0.0,0.0,14.0,0.0,0.0,0.0,0.0,0.0,0.0,14.0,0.0,0.0,0.0,0.0,0.0,14.0,0.0,0.0,0.0,0.0,0.0,2.0,12.0,0.0,0.0,0.0,0.0,0.0,0.0,0.0,0.0,0.0,0.0,0.0,14.0,0.0,0.0,0.0,0.0,0.0,0.0,14.0,0.0,0.0,0.0,0.0,0.0,14.0,0.0,0.0,0.0,0.0,0.0,0.0,14.0,0.0,0.0,0.0,0.0,0.0,0.0,0.0,0.0,0.0,0.0,0.0,0.0,14.0,0.0,0.0,0.0,0.0,0.0,14.0,0.0,0.0,0.0,0.0,0.0,0.0,14.0,0.0,0.0,0.0,0.0,0.0,14.0,0.0,0.0,0.0,0.0,0.0
tr_mo,0.0,0.0,0.0,0.0,0.0,0.0,0.0,0.0,0.0,0.0,0.0,0.0,0.0,0.0,0.0,0.0,0.0,0.0,0.0,0.0,25.0,0.0,0.0,0.0,0.0,0.0,0.0,0.0,0.0,0.0,0.0,0.0,0.0,0.0,0.0,0.0,0.0,0.0,0.0,0.0,0.0,0.0,0.0,0.0,0.0,24.0,0.0,0.0,0.0,0.0,0.0,0.0,0.0,0.0,0.0,0.0,0.0,0.0,0.0,0.0,0.0,0.0,0.0,0.0,0.0,0.0,0.0,0.0,0.0,0.0,0.0,24.0,0.0,0.0,0.0,0.0,0.0,0.0,0.0,0.0,0.0,0.0,0.0,0.0,0.0,0.0,0.0,0.0,0.0,0.0,0.0,0.0,0.0,0.0,0.0,0.0,0.0,24.0,0.0,0.0,0.0,0.0,0.0,0.0,0.0,0.0,0.0,0.0,0.0,0.0,0.0,0.0,0.0,0.0,0.0,0.0,0.0,0.0,0.0,0.0,0.0,0.0,0.0,24.0,0.0,0.0,0.0,0.0,0.0,0.0,0.0,0.0
tr_susp,0.0,0.0,0.0,0.0,0.0,0.0,0.0,0.0,0.0,0.0,0.0,0.0,0.0,0.0,0.0,0.0,0.0,0.0,0.0,0.0,145.0,0.0,0.0,144.0,0.0,0.0,144.0,0.0,0.0,144.0,0.0,0.0,144.0,0.0,0.0,144.0,0.0,0.0,144.0,0.0,0.0,144.0,0.0,0.0,132.0,12.0,0.0,77.0,67.0,0.0,0.0,144.0,0.0,0.0,144.0,0.0,0.0,144.0,0.0,0.0,144.0,0.0,0.0,144.0,0.0,0.0,144.0,0.0,0.0,144.0,0.0,0.0,144.0,0.0,0.0,130.0,14.0,0.0,74.0,70.0,0.0,19.0,125.0,0.0,0.0,144.0,0.0,0.0,144.0,0.0,0.0,144.0,0.0,0.0,144.0,0.0,0.0,145.0,0.0,0.0,144.0,0.0,0.0,144.0,0.0,0.0,144.0,0.0,0.0,72.0,72.0,0.0,16.0,128.0,0.0,0.0,144.0,0.0,0.0,144.0,0.0,0.0,144.0,0.0,0.0,144.0,0.0,0.0,144.0,0.0,0.0,144.0
to8000,0.0,0.0,0.0,0.0,0.0,0.0,0.0,0.0,0.0,0.0,0.0,0.0,0.0,0.0,0.0,0.0,0.0,0.0,0.0,0.0,24.0,0.0,0.0,0.0,0.0,0.0,0.0,0.0,0.0,0.0,0.0,0.0,23.0,0.0,0.0,0.0,0.0,0.0,0.0,0.0,0.0,0.0,0.0,0.0,0.0,23.0,0.0,0.0,0.0,0.0,0.0,0.0,0.0,0.0,0.0,0.0,0.0,0.0,23.0,0.0,0.0,0.0,0.0,0.0,0.0,0.0,0.0,0.0,0.0,0.0,0.0,23.0,0.0,0.0,0.0,0.0,0.0,0.0,0.0,0.0,0.0,0.0,0.0,0.0,23.0,0.0,0.0,0.0,0.0,0.0,0.0,0.0,0.0,0.0,0.0,0.0,0.0,23.0,0.0,0.0,0.0,0.0,0.0,0.0,0.0,0.0,0.0,0.0,0.0,0.0,23.0,0.0,0.0,0.0,0.0,0.0,0.0,0.0,0.0,0.0,0.0,0.0,0.0,23.0,0.0,0.0,0.0,0.0,0.0,0.0,0.0,0.0
ЕТО,0.0,0.0,0.0,0.0,0.0,0.0,0.0,0.0,0.0,0.0,0.0,0.0,0.0,0.0,0.0,0.0,0.0,0.0,0.0,0.0,9.0,9.3,9.0,9.3,9.3,8.4,9.3,9.0,9.3,9.0,9.3,9.3,9.0,9.3,9.0,9.3,9.3,8.4,9.3,9.0,9.3,9.0,9.3,9.3,9.0,9.3,9.0,9.3,9.3,8.4,9.3,9.0,9.3,9.0,9.3,9.3,9.0,9.3,9.0,9.3,9.3,8.7,9.3,9.0,9.3,9.0,9.3,9.3,9.0,9.3,9.0,9.3,9.3,8.4,9.3,9.0,9.3,9.0,9.3,9.3,9.0,9.3,9.0,9.3,9.3,8.4,9.3,9.0,9.3,9.0,9.3,9.3,9.0,9.3,9.0,9.3,9.3,8.4,9.3,9.0,9.3,9.0,9.3,9.3,9.0,9.3,9.0,9.3,9.3,8.7,9.3,9.0,9.3,9.0,9.3,9.3,9.0,9.3,9.0,9.3,9.3,8.4,9.3,9.0,9.3,9.0,9.3,9.3,9.0,9.3,9.0,9.3
ТО-500,0.0,0.0,0.0,0.0,0.0,0.0,0.0,0.0,0.0,0.0,0.0,0.0,0.0,0.0,0.0,0.0,0.0,0.0,0.0,0.0,11.0,0.0,0.0,0.0,0.0,11.0,0.0,0.0,11.0,0.0,11.0,0.0,0.0,11.0,0.0,11.0,0.0,0.0,11.0,0.0,0.0,0.0,0.0,11.0,0.0,11.0,0.0,0.0,0.0,11.0,0.0,0.0,0.0,11.0,11.0,0.0,0.0,11.0,0.0,11.0,0.0,0.0,12.0,0.0,0.0,0.0,0.0,11.0,0.0,11.0,0.0,0.0,0.0,0.0,11.0,0.0,0.0,11.0,11.0,0.0,0.0,0.0,11.0,11.0,0.0,0.0,6.0,5.0,0.0,0.0,0.0,11.0,0.0,11.0,0.0,0.0,0.0,0.0,11.0,0.0,0.0,11.0,0.0,11.0,0.0,0.0,11.0,11.0,0.0,0.0,0.0,11.0,0.0,0.0,0.0,11.0,0.0,11.0,0.0,0.0,0.0,0.0,11.0,0.0,0.0,11.0,0.0,11.0,0.0,0.0,11.0,0.0
ТО-1000,0.0,0.0,0.0,0.0,0.0,0.0,0.0,0.0,0.0,0.0,0.0,0.0,0.0,0.0,0.0,0.0,0.0,0.0,0.0,0.0,0.0,12.0,0.0,0.0,12.0,0.0,0.0,0.0,0.0,0.0,0.0,12.0,0.0,0.0,12.0,0.0,0.0,12.0,0.0,0.0,0.0,12.0,0.0,0.0,0.0,0.0,0.0,12.0,0.0,0.0,12.0,0.0,0.0,12.0,0.0,0.0,0.0,12.0,0.0,0.0,0.0,0.0,0.0,12.0,0.0,0.0,12.0,0.0,0.0,0.0,12.0,0.0,0.0,12.0,0.0,0.0,0.0,0.0,0.0,12.0,0.0,0.0,12.0,0.0,0.0,0.0,12.0,0.0,0.0,12.0,0.0,0.0,0.0,0.0,0.0,12.0,0.0,0.0,0.0,12.0,0.0,0.0,12.0,0.0,0.0,12.0,0.0,0.0,0.0,0.0,0.0,7.0,5.0,0.0,0.0,12.0,0.0,0.0,12.0,0.0,0.0,12.0,0.0,0.0,0.0,0.0,0.0,0.0,12.0,0.0,0.0,12.0
to1500,0.0,0.0,0.0,0.0,0.0,0.0,0.0,0.0,0.0,0.0,0.0,0.0,0.0,0.0,0.0,0.0,0.0,0.0,0.0,0.0,14.0,0.0,13.0,0.0,13.0,0.0,0.0,13.0,0.0,13.0,0.0,0.0,13.0,0.0,13.0,0.0,0.0,13.0,0.0,13.0,0.0,13.0,0.0,0.0,13.0,0.0,13.0,0.0,0.0,13.0,0.0,13.0,0.0,0.0,13.0,0.0,13.0,0.0,13.0,0.0,0.0,13.0,0.0,13.0,0.0,0.0,13.0,0.0,13.0,0.0,0.0,13.0,0.0,13.0,0.0,0.0,13.0,0.0,13.0,0.0,13.0,0.0,0.0,13.0,0.0,13.0,0.0,0.0,13.0,0.0,13.0,0.0,0.0,13.0,0.0,13.0,0.0,13.0,0.0,0.0,13.0,0.0,13.0,0.0,0.0,13.0,0.0,13.0,0.0,0.0,13.0,0.0,13.0,0.0,13.0,0.0,0.0,13.0,0.0,13.0,0.0,0.0,13.0,0.0,13.0,0.0,0.0,13.0,0.0,13.0,0.0,13.0
to5000,0.0,0.0,0.0,0.0,0.0,0.0,0.0,0.0,0.0,0.0,0.0,0.0,0.0,0.0,0.0,0.0,0.0,0.0,0.0,0.0,0.0,0.0,0.0,0.0,0.0,0.0,0.0,0.0,20.0,0.0,0.0,0.0,0.0,0.0,0.0,0.0,0.0,0.0,0.0,0.0,0.0,0.0,0.0,0.0,20.0,0.0,0.0,0.0,0.0,0.0,0.0,0.0,0.0,0.0,0.0,0.0,0.0,0.0,0.0,0.0,20.0,0.0,0.0,0.0,0.0,0.0,0.0,0.0,0.0,0.0,0.0,0.0,0.0,0.0,0.0,0.0,20.0,0.0,0.0,0.0,0.0,0.0,0.0,0.0,0.0,0.0,0.0,0.0,0.0,0.0,0.0,0.0,20.0,0.0,0.0,0.0,0.0,0.0,0.0,0.0,0.0,0.0,0.0,0.0,0.0,0.0,0.0,0.0,21.0,0.0,0.0,0.0,0.0,0.0,0.0,0.0,0.0,0.0,0.0,0.0,0.0,0.0,0.0,0.0,20.0,0.0,0.0,0.0,0.0,0.0,0.0,0.0
kmk_overhaul,0.0,0.0,0.0,0.0,0.0,0.0,0.0,0.0,0.0,0.0,0.0,0.0,0.0,0.0,0.0,0.0,0.0,0.0,0.0,0.0,97.0,0.0,0.0,0.0,0.0,0.0,0.0,0.0,0.0,0.0,0.0,0.0,0.0,0.0,0.0,0.0,0.0,0.0,0.0,0.0,0.0,0.0,0.0,0.0,0.0,0.0,0.0,0.0,0.0,0.0,0.0,0.0,0.0,0.0,0.0,96.0,0.0,0.0,0.0,0.0,0.0,0.0,0.0,0.0,0.0,0.0,0.0,0.0,0.0,0.0,0.0,0.0,0.0,0.0,0.0,0.0,0.0,0.0,0.0,0.0,0.0,0.0,0.0,0.0,0.0,0.0,0.0,0.0,0.0,0.0,0.0,96.0,0.0,0.0,0.0,0.0,0.0,0.0,0.0,0.0,0.0,0.0,0.0,0.0,0.0,0.0,0.0,0.0,0.0,0.0,0.0,0.0,0.0,0.0,0.0,0.0,0.0,0.0,0.0,0.0,0.0,0.0,0.0,0.0,0.0,0.0,94.0,2.0,0.0,0.0,0.0,0.0
to2500,0.0,0.0,0.0,0.0,0.0,0.0,0.0,0.0,0.0,0.0,0.0,0.0,0.0,0.0,0.0,0.0,0.0,0.0,0.0,0.0,0.0,0.0,0.0,0.0,19.0,0.0,0.0,0.0,0.0,0.0,0.0,0.0,19.0,0.0,0.0,0.0,0.0,0.0,0.0,0.0,19.0,0.0,0.0,0.0,0.0,0.0,0.0,0.0,19.0,0.0,0.0,0.0,0.0,0.0,0.0,0.0,19.0,0.0,0.0,0.0,0.0,0.0,0.0,0.0,19.0,0.0,0.0,0.0,0.0,0.0,0.0,0.0,19.0,0.0,0.0,0.0,0.0,0.0,0.0,0.0,19.0,0.0,0.0,0.0,0.0,0.0,0.0,0.0,19.0,0.0,0.0,0.0,0.0,0.0,0.0,0.0,19.0,0.0,0.0,0.0,0.0,0.0,0.0,0.0,19.0,0.0,0.0,0.0,0.0,0.0,0.0,0.0,19.0,0.0,0.0,0.0,0.0,0.0,0.0,0.0,19.0,0.0,0.0,0.0,0.0,0.0,0.0,0.0,19.0,0.0,0.0,0.0
gen_overhaul,0.0,0.0,0.0,0.0,0.0,0.0,0.0,0.0,0.0,0.0,0.0,0.0,0.0,0.0,0.0,0.0,0.0,0.0,0.0,0.0,121.0,0.0,0.0,0.0,0.0,0.0,0.0,0.0,0.0,0.0,0.0,0.0,0.0,0.0,0.0,0.0,0.0,0.0,0.0,0.0,0.0,0.0,0.0,0.0,0.0,0.0,0.0,0.0,0.0,0.0,104.0,16.0,0.0,0.0,0.0,0.0,0.0,0.0,0.0,0.0,0.0,0.0,0.0,0.0,0.0,0.0,0.0,0.0,0.0,0.0,0.0,0.0,0.0,0.0,0.0,0.0,0.0,0.0,0.0,0.0,0.0,120.0,0.0,0.0,0.0,0.0,0.0,0.0,0.0,0.0,0.0,0.0,0.0,0.0,0.0,0.0,0.0,0.0,0.0,0.0,0.0,0.0,0.0,0.0,0.0,0.0,0.0,0.0,0.0,0.0,0.0,0.0,120.0,0.0,0.0,0.0,0.0,0.0,0.0,0.0,0.0,0.0,0.0,0.0,0.0,0.0,0.0,0.0,0.0,0.0,0.0,0.0
lining_partitial,0.0,0.0,0.0,0.0,0.0,0.0,0.0,0.0,0.0,0.0,0.0,0.0,0.0,0.0,0.0,0.0,0.0,0.0,0.0,0.0,25.0,0.0,0.0,24.0,0.0,0.0,24.0,0.0,0.0,24.0,0.0,0.0,0.0,24.0,0.0,0.0,24.0,0.0,0.0,24.0,0.0,0.0,24.0,0.0,0.0,0.0,24.0,0.0,0.0,24.0,0.0,0.0,24.0,0.0,0.0,24.0,0.0,0.0,0.0,24.0,0.0,0.0,24.0,0.0,0.0,24.0,0.0,0.0,24.0,0.0,0.0,0.0,24.0,0.0,0.0,24.0,0.0,0.0,24.0,0.0,0.0,24.0,0.0,0.0,0.0,24.0,0.0,0.0,24.0,0.0,0.0,24.0,0.0,0.0,24.0,0.0,0.0,0.0,24.0,0.0,0.0,24.0,0.0,0.0,24.0,0.0,0.0,19.0,5.0,0.0,0.0,24.0,0.0,0.0,24.0,0.0,0.0,24.0,0.0,0.0,24.0,0.0,0.0,0.0,24.0,0.0,0.0,24.0,0.0,0.0,24.0,0.0
